,coef_mean,coef_sd,ci_mean,model,timeframe,coef_low,coef_high
0,0.0014957794696681549,0.0005603020227032509,0.0011216459828658294,SimMod2.6,"[1900, 2017]",-8.973090161942202e-05,0.0030812898409557318
1,0.0014664983931580813,0.0005603020227032509,0.0011240274876637498,SimMod4.5,"[1900, 2017]",-0.00012069763115810203,0.0030536944174742644
2,0.001397596315890915,0.0005603020227032508,0.0011253393241890618,SimMod6.0,"[1900, 2017]",-0.00019052900068448398,0.002985721632466314
3,0.0015236367922796478,0.0005603020227032507,0.001124278090721559,SimMod8.5,"[1900, 2017]",-6.373671507705811e-05,0.003111010299636354
